{
  "installed": true,
  "last_launch": 1758885138.836812,
  "launch_count": 3,
  "components": {},
  "install_date": 1758885128.761994,
  "version": "1.0.0"
}